-- MySQL dump 10.13  Distrib 8.0.45, for Win64 (x86_64)
--
-- Host: localhost    Database: MINIPROJECT
-- ------------------------------------------------------
-- Server version	8.0.45

/*!40101 SET @OLD_CHARACTER_SET_CLIENT=@@CHARACTER_SET_CLIENT */;
/*!40101 SET @OLD_CHARACTER_SET_RESULTS=@@CHARACTER_SET_RESULTS */;
/*!40101 SET @OLD_COLLATION_CONNECTION=@@COLLATION_CONNECTION */;
/*!50503 SET NAMES utf8mb4 */;
/*!40103 SET @OLD_TIME_ZONE=@@TIME_ZONE */;
/*!40103 SET TIME_ZONE='+00:00' */;
/*!40014 SET @OLD_UNIQUE_CHECKS=@@UNIQUE_CHECKS, UNIQUE_CHECKS=0 */;
/*!40014 SET @OLD_FOREIGN_KEY_CHECKS=@@FOREIGN_KEY_CHECKS, FOREIGN_KEY_CHECKS=0 */;
/*!40101 SET @OLD_SQL_MODE=@@SQL_MODE, SQL_MODE='NO_AUTO_VALUE_ON_ZERO' */;
/*!40111 SET @OLD_SQL_NOTES=@@SQL_NOTES, SQL_NOTES=0 */;

--
-- Table structure for table `courses`
--

DROP TABLE IF EXISTS `courses`;
/*!40101 SET @saved_cs_client     = @@character_set_client */;
/*!50503 SET character_set_client = utf8mb4 */;
CREATE TABLE `courses` (
  `course_id` int NOT NULL AUTO_INCREMENT,
  `course_name` varchar(100) DEFAULT NULL,
  `credits` int DEFAULT NULL,
  PRIMARY KEY (`course_id`)
) ENGINE=InnoDB AUTO_INCREMENT=5 DEFAULT CHARSET=utf8mb4 COLLATE=utf8mb4_0900_ai_ci;
/*!40101 SET character_set_client = @saved_cs_client */;

--
-- Dumping data for table `courses`
--

LOCK TABLES `courses` WRITE;
/*!40000 ALTER TABLE `courses` DISABLE KEYS */;
INSERT INTO `courses` VALUES (1,'Database Systems',4),(2,'Python Programming',3),(3,'Statistics',4),(4,'Machine Learning',5);
/*!40000 ALTER TABLE `courses` ENABLE KEYS */;
UNLOCK TABLES;

--
-- Table structure for table `enrollment`
--

DROP TABLE IF EXISTS `enrollment`;
/*!40101 SET @saved_cs_client     = @@character_set_client */;
/*!50503 SET character_set_client = utf8mb4 */;
CREATE TABLE `enrollment` (
  `enroll_id` int NOT NULL AUTO_INCREMENT,
  `student_id` int DEFAULT NULL,
  `course_id` int DEFAULT NULL,
  `enroll_date` date DEFAULT NULL,
  PRIMARY KEY (`enroll_id`),
  UNIQUE KEY `student_id` (`student_id`,`course_id`),
  KEY `course_id` (`course_id`),
  CONSTRAINT `enrollment_ibfk_1` FOREIGN KEY (`student_id`) REFERENCES `students` (`student_id`),
  CONSTRAINT `enrollment_ibfk_2` FOREIGN KEY (`course_id`) REFERENCES `courses` (`course_id`)
) ENGINE=InnoDB AUTO_INCREMENT=6 DEFAULT CHARSET=utf8mb4 COLLATE=utf8mb4_0900_ai_ci;
/*!40101 SET character_set_client = @saved_cs_client */;

--
-- Dumping data for table `enrollment`
--

LOCK TABLES `enrollment` WRITE;
/*!40000 ALTER TABLE `enrollment` DISABLE KEYS */;
INSERT INTO `enrollment` VALUES (1,1,1,'2024-01-15'),(2,1,2,'2024-01-16'),(3,2,1,'2024-01-15'),(4,3,3,'2024-01-20'),(5,4,4,'2024-01-22');
/*!40000 ALTER TABLE `enrollment` ENABLE KEYS */;
UNLOCK TABLES;

--
-- Table structure for table `exams`
--

DROP TABLE IF EXISTS `exams`;
/*!40101 SET @saved_cs_client     = @@character_set_client */;
/*!50503 SET character_set_client = utf8mb4 */;
CREATE TABLE `exams` (
  `exam_id` int NOT NULL AUTO_INCREMENT,
  `student_id` int DEFAULT NULL,
  `course_id` int DEFAULT NULL,
  `exam_date` date DEFAULT NULL,
  PRIMARY KEY (`exam_id`),
  KEY `student_id` (`student_id`),
  KEY `course_id` (`course_id`),
  CONSTRAINT `exams_ibfk_1` FOREIGN KEY (`student_id`) REFERENCES `students` (`student_id`),
  CONSTRAINT `exams_ibfk_2` FOREIGN KEY (`course_id`) REFERENCES `courses` (`course_id`)
) ENGINE=InnoDB AUTO_INCREMENT=5 DEFAULT CHARSET=utf8mb4 COLLATE=utf8mb4_0900_ai_ci;
/*!40101 SET character_set_client = @saved_cs_client */;

--
-- Dumping data for table `exams`
--

LOCK TABLES `exams` WRITE;
/*!40000 ALTER TABLE `exams` DISABLE KEYS */;
INSERT INTO `exams` VALUES (1,1,1,'2024-02-20'),(2,1,2,'2024-02-21'),(3,2,1,'2024-02-20'),(4,4,4,'2024-02-25');
/*!40000 ALTER TABLE `exams` ENABLE KEYS */;
UNLOCK TABLES;

--
-- Table structure for table `results`
--

DROP TABLE IF EXISTS `results`;
/*!40101 SET @saved_cs_client     = @@character_set_client */;
/*!50503 SET character_set_client = utf8mb4 */;
CREATE TABLE `results` (
  `result_id` int NOT NULL AUTO_INCREMENT,
  `exam_id` int DEFAULT NULL,
  `marks` int DEFAULT NULL,
  `grade` char(2) DEFAULT NULL,
  PRIMARY KEY (`result_id`),
  UNIQUE KEY `exam_id` (`exam_id`),
  CONSTRAINT `results_ibfk_1` FOREIGN KEY (`exam_id`) REFERENCES `exams` (`exam_id`)
) ENGINE=InnoDB AUTO_INCREMENT=5 DEFAULT CHARSET=utf8mb4 COLLATE=utf8mb4_0900_ai_ci;
/*!40101 SET character_set_client = @saved_cs_client */;

--
-- Dumping data for table `results`
--

LOCK TABLES `results` WRITE;
/*!40000 ALTER TABLE `results` DISABLE KEYS */;
INSERT INTO `results` VALUES (1,1,85,'A'),(2,2,78,'B'),(3,3,92,'A'),(4,4,65,'C');
/*!40000 ALTER TABLE `results` ENABLE KEYS */;
UNLOCK TABLES;

--
-- Table structure for table `students`
--

DROP TABLE IF EXISTS `students`;
/*!40101 SET @saved_cs_client     = @@character_set_client */;
/*!50503 SET character_set_client = utf8mb4 */;
CREATE TABLE `students` (
  `student_id` int NOT NULL AUTO_INCREMENT,
  `name` varchar(100) DEFAULT NULL,
  `age` int DEFAULT NULL,
  `gender` varchar(10) DEFAULT NULL,
  PRIMARY KEY (`student_id`)
) ENGINE=InnoDB AUTO_INCREMENT=5 DEFAULT CHARSET=utf8mb4 COLLATE=utf8mb4_0900_ai_ci;
/*!40101 SET character_set_client = @saved_cs_client */;

--
-- Dumping data for table `students`
--

LOCK TABLES `students` WRITE;
/*!40000 ALTER TABLE `students` DISABLE KEYS */;
INSERT INTO `students` VALUES (1,'Arjun',20,'Male'),(2,'Nayana',21,'Female'),(3,'Ravi',22,'Male'),(4,'Divya',20,'Female');
/*!40000 ALTER TABLE `students` ENABLE KEYS */;
UNLOCK TABLES;
/*!40103 SET TIME_ZONE=@OLD_TIME_ZONE */;

/*!40101 SET SQL_MODE=@OLD_SQL_MODE */;
/*!40014 SET FOREIGN_KEY_CHECKS=@OLD_FOREIGN_KEY_CHECKS */;
/*!40014 SET UNIQUE_CHECKS=@OLD_UNIQUE_CHECKS */;
/*!40101 SET CHARACTER_SET_CLIENT=@OLD_CHARACTER_SET_CLIENT */;
/*!40101 SET CHARACTER_SET_RESULTS=@OLD_CHARACTER_SET_RESULTS */;
/*!40101 SET COLLATION_CONNECTION=@OLD_COLLATION_CONNECTION */;
/*!40111 SET SQL_NOTES=@OLD_SQL_NOTES */;

-- Dump completed on 2026-04-21 10:09:25
